Isabella,Miller,01020000014
Ava,Smith,01020000005
Ella,Smith,01020000016
Liam,Johnson,01020000004
Amelia,Smith,01020000009
Oliver,Williams,01020000011
Ethan,Smith,01020000002
Henry,Brown,01020000017
Benjamin,Smith,01020000015
Charlotte,Davis,01020000012
Bob,Smith,01022221111
Alice,Smith,01022224444
James,Williams,01020000010
Scarlett,Smith,01020000018
Noah,Smith,01020000006
Olivia,Johnson,01020000003
William,Davis,01020000013
Sophia,Williams,01020000007
Mason,Johnson,01020000008
Emma,Smith,01020000001